config,seed,OR_median,fulfilment_mean
v2_sp1000,42,1.876608543086716,99.33743300198215
v2_sp1000,43,1.8716667284229347,99.59842374965129
v2_sp1000,44,1.9627171971409805,99.81674529702138
v3_sp1000,42,1.6337028184396871,98.74045575049645
v3_sp1000,43,1.752749150648571,99.15961536811952
v3_sp1000,44,1.5745098566878104,91.70543970740995
v2_sp3000,42,1.8779948305948113,99.77395463753282
v2_sp3000,43,1.8910814656810777,99.36534859724803
v2_sp3000,44,1.8521034691647764,99.77801281720969
v3_sp3000,42,1.644307820959106,99.46670807523965
v3_sp3000,43,1.8207364246588078,99.73219120794684
v3_sp3000,44,1.8403958747880704,99.63544408563295
