instance,responsiveness,amplitude
0,0.03672193858893308,1.0793194872490515
1,0.16558740753631018,0.7592027982620247
2,-0.013323074516299657,1.698253914473537
3,-0.0006272775322493148,0.868583172986365
4,0.007882793261916583,0.8844289152740539
5,-0.0896872133633519,1.6868568733330966
6,-0.2082385230652408,0.6236095644623235
7,-0.3141915370533871,0.894836870435812
8,0.18172626442871537,0.6871842709362768
9,0.17020233985750444,0.6730023021992065
10,0.02804370087942867,1.630865482565077
11,0.7304160771322301,5.656427977896987
12,0.11036470233412658,0.7514132774846655
13,-0.14185155337060606,0.7510281019219874
14,0.22530190105782025,0.9128709291752768
15,-0.029595816179480306,0.7696750556943007
16,-0.07687972809111114,0.8762116830881947
17,0.09087526164199317,1.1543663752877862
18,-0.040162501118202104,0.9253586225063846
19,-0.2170772891629136,1.6960375024970828
20,-0.22832626517385074,0.8322910148099241
21,-0.29497185907335816,0.6614378277661476
22,0.0680190153004722,0.7772815877574012
23,-0.004099831325336832,0.7199483434830243
24,0.341474123818416,1.0864449614780254
25,-0.021365136567371726,1.5766794886331663
26,0.2618144880228446,0.7406828681096325
27,0.019189246567430467,1.0991544168581435
28,-0.35696566807957064,0.6431020501550125
29,-0.32537615784564916,0.7904474041740109
30,0.5140509369982033,2.088327347690278
31,0.022312199220958548,4.648775226993784
32,-0.407799886849021,1.1054543504766057
33,-0.41770987806557824,1.00423486014029
34,-0.14025935529321615,0.9377828791330441
35,0.1331215533883327,0.8154327412825386
36,-0.2876686297995775,0.7632573146685603
37,-0.11018474062089838,0.6441510347391793
38,-0.16860956204703084,1.4142135623730951
39,-0.27942612714478715,0.789470638395684
40,0.0066472241680270395,0.6768607183895115
41,-0.1514531501163779,0.9693409686896798
42,0.1448056993935129,1.288302069478359
43,-0.04637405848669886,1.7572051848684018
44,-0.4385674827136829,1.25822908569893
45,-0.17731279900936564,0.8578567537045699
46,0.2452256305518389,0.97182531580755
47,-0.19976515125723757,0.7856742013183862
48,0.8451803140443381,4.58693040666147
49,-0.15710790728080748,0.9749960430435692
50,0.12998170108493715,1.4550889837454217
51,0.17810733365782871,0.7494854201795578
52,0.36107028272395275,1.2104865871944959
53,-0.10178251350575813,0.860214587066779
54,-0.05282547845906319,0.8314794192830981
55,0.40400420976384005,2.2653795365113645
56,-0.03999748187120581,0.7915448249319449
57,-0.22512614418297866,0.8738970120410763
58,0.12472197950362834,0.7483263218346775
59,0.43572059762180143,4.945361182180957
60,-0.246768989336342,0.9279607271383369
61,0.030244517012608454,0.5773502691896257
62,-0.09354285516491559,0.9645530852788704
63,-0.027502114508892214,0.9788464803526472
64,-0.17198134066675072,0.7167258804133705
65,-0.03587631780519954,1.226554820786687
66,0.13858540015000068,1.253390463630942
67,0.005269841435675357,1.0735850578986323
68,-0.025973066567770844,0.6933324430193714
69,-0.10915903321733376,1.0957268290731121
70,0.35893738364427424,0.924211375534118
71,-0.16175944771605932,1.0613873985857112
72,-0.1055360582736115,0.9824855102126329
73,-0.23722110246961203,1.104756131963571
74,-0.3859245920657385,1.4622302431390952
75,-0.021453813040953687,0.9127652667026531
76,0.47818518171369945,1.2903218806001686
77,0.44927552881018207,1.2244298244741219
78,0.34253812847437765,1.1041448285750994
79,-0.2666024505106693,1.1110243021644486
80,-0.19387646603710712,0.8488145328109734
81,-0.10158875758787117,1.0793194872490515
82,-0.04242607822534393,0.5483913061777675
83,-0.07396689478564093,0.9749960430435692
84,0.3898053413240847,1.069264054050238
85,0.25371164960317744,0.8068715304598785
86,0.3855334078948877,1.1054543504766057
87,0.05677930979218531,1.0227919607924811
88,-0.0814330825957997,0.6303780954394566
89,-0.14295903636971335,0.8712441437534552
90,-0.3741555443753204,0.917508031384097
91,-0.2578266070251837,1.0663736576724772
92,-0.16218863814691795,0.9949719271429065
93,-0.0806202881552286,0.8248409872945135
94,-0.4070043158274534,0.5350377856738394
95,-0.22895704867764663,1.0197698542100346
96,0.45545038020070105,1.7950549357115013
97,-0.2659555528702862,0.7973722274670735
98,0.4900053765315793,1.0613873985857112
99,0.2579980688931306,0.5527707983925667
