instance,ed_method,OR,fulfilment_pct,unserved_mwh,spill_mwh
0,merit_order,2.920828726399704,100.0,0.0,84970.75172727951
1,merit_order,2.1411673437856344,100.0,0.0,66991.48013035425
2,merit_order,3.743804724129703,94.34153227501305,5116.079239479694,114101.91228862801
3,merit_order,1.9340473565209624,100.0,0.0,53298.17754323366
4,merit_order,1.8275967472108927,100.0,0.0,44462.76938687871
5,merit_order,2.869220883581425,99.13215801584012,1249.69890077145,67395.858188949
6,merit_order,2.359819818017053,100.0,0.0,75890.05239245902
7,merit_order,2.249100022484485,100.0,0.0,70295.35248010702
8,merit_order,2.5267003304210993,100.0,0.0,87273.85339993966
9,merit_order,2.2971039164343576,100.0,0.0,72728.20026019224
10,merit_order,3.854083747985005,100.0,0.0,128778.9723134005
11,merit_order,1.9501023755169786,96.05118021896854,7378.222676971202,81694.02703915951
12,merit_order,1.8995570172069156,100.0,0.0,51174.3909258176
13,merit_order,1.844036499686825,100.0,0.0,45584.74933291685
14,merit_order,2.215579501520943,100.0,0.0,65562.704636643
15,merit_order,1.9947108939459726,100.0,0.0,57522.33303887751
16,merit_order,1.8254589211726873,100.0,0.0,44048.971654205554
17,merit_order,2.457971078674065,100.0,0.0,69160.93726980401
18,merit_order,2.450387759061881,100.0,0.0,76428.67969420576
19,merit_order,3.179597305476845,99.39786821556962,683.9715991771018,144045.2344131977
20,merit_order,1.8004471715451225,100.0,0.0,44573.235361804655
21,merit_order,2.2585231321365247,99.99220166387386,16.678824363449166,80845.56483047002
22,merit_order,2.0761343562420143,100.0,0.0,61715.44025448651
23,merit_order,1.8893374173084563,100.0,0.0,50542.10072720281
24,merit_order,2.0103515156443943,99.88179300124713,285.5694245609502,51932.10595562346
25,merit_order,2.1591230504497596,92.37427099392444,13933.334021225452,138434.73245479644
26,merit_order,2.481900019871627,100.0,0.0,78877.46435245116
27,merit_order,3.0131715130494907,99.99968009245869,0.4505528974996196,66834.25264421475
28,merit_order,2.028815037786226,100.0,0.0,60248.619743106756
29,merit_order,2.6747300338869078,99.99812131638122,3.0728855024999575,76697.24109047276
30,merit_order,5.369519478511729,100.0,0.0,157418.1458320755
31,merit_order,5.340539555476579,100.0,0.0,108837.891963555
32,merit_order,2.256978901307134,99.82752411867556,330.4328022683994,99358.1971322157
33,merit_order,2.081314169429063,99.96870292717337,72.7132467499996,55413.1230463085
34,merit_order,2.2887927960864327,100.0,0.0,70805.37518195281
35,merit_order,1.8875844153621297,100.0,0.0,51362.170190529854
36,merit_order,1.8637328643136812,100.0,0.0,47834.59509520876
37,merit_order,1.903623983933575,99.40462925141487,1641.3716378475,54054.75587375251
38,merit_order,1.8326420102340508,98.62365416751292,3714.892850140749,37452.5302558315
39,merit_order,2.201630548714543,100.0,0.0,69712.89758193475
40,merit_order,2.552618051701309,100.0,0.0,81005.406570272
41,merit_order,3.418341130754127,100.0,0.0,86218.82345264251
42,merit_order,2.292066126766266,99.28475912230213,1332.0780643340004,62373.38969645001
43,merit_order,4.361924480102375,98.83653183023787,937.8506460614999,141028.67023249
44,merit_order,2.8185864496000486,99.88534229719289,175.01986041499913,75036.57280120152
45,merit_order,1.8324349211135387,100.0,0.0,45587.3366897509
46,merit_order,3.1679742662716364,100.0,0.0,87696.61293559201
47,merit_order,1.639525062422101,100.0,0.0,27683.128169846153
48,merit_order,1.7469838086245015,92.86230800487647,15991.592389444599,57146.5234340643
49,merit_order,3.8655953060328203,100.0,0.0,86723.18957783002
50,merit_order,3.8320196431908298,100.0,0.0,79226.80458075751
51,merit_order,2.006406566259731,99.99841450841612,4.053876227500041,59756.172517824
52,merit_order,3.292569522226264,100.0,0.0,99934.33800677751
53,merit_order,1.9275970923914412,100.0,0.0,53200.59416443376
54,merit_order,1.8342054104411307,100.0,0.0,44760.36581158051
55,merit_order,2.191721656686004,96.14168242246014,6308.370240671101,97665.09284608465
56,merit_order,1.7130166068801296,100.0,0.0,35259.208694399946
57,merit_order,1.7935273001890724,100.0,0.0,42377.80991013425
58,merit_order,2.1984598980498573,100.0,0.0,68488.76889544202
59,merit_order,2.510900929615335,92.5209072576709,9104.631943003551,91923.8607705455
60,merit_order,2.162731899016921,98.76588788335661,2615.130808598349,89558.51525248881
61,merit_order,2.186964062106013,99.96312182253735,83.7051944875002,69167.39427967629
62,merit_order,1.7826384428079978,100.0,0.0,42116.12757557671
63,merit_order,5.13499208256566,100.0,0.0,95668.9960361865
64,merit_order,1.9320042384967953,100.0,0.0,52849.47278372726
65,merit_order,4.883828087064139,100.0,0.0,93670.381780528
66,merit_order,1.8971903710893374,97.83012780730962,5303.94367029325,47310.27009892101
67,merit_order,3.0437680662988127,100.0,0.0,89903.230009591
68,merit_order,2.019411749438362,100.0,0.0,60093.7004483825
69,merit_order,2.8438283829746687,100.0,0.0,75794.9549675975
70,merit_order,2.766243411424108,100.0,0.0,86137.0200732925
71,merit_order,3.2011210467025903,100.0,0.0,82343.48291545399
72,merit_order,2.8563888775092092,100.0,0.0,80028.7651093925
73,merit_order,1.879509191649305,99.95698097637798,117.33319745249992,47828.378198784805
74,merit_order,3.7022321588180573,100.0,0.0,142360.976290086
75,merit_order,2.0387120564272614,99.55350059893415,1098.9820230825007,63059.08990513525
76,merit_order,2.0360406225017815,99.99289969092213,16.802863347499624,52459.53757431626
77,merit_order,3.8160908471871346,100.0,0.0,107211.32352522801
78,merit_order,4.728744589825657,100.0,0.0,92358.84322728252
79,merit_order,2.159303751740053,100.0,0.0,60291.08841365001
80,merit_order,1.895106323182363,100.0,0.0,50746.0045404476
81,merit_order,3.6521004589106703,100.0,0.0,98727.3556972155
82,merit_order,1.9755784405251375,100.0,0.0,72735.10783045573
83,merit_order,2.977166638704544,99.96789363397023,47.98736421099966,81456.435373165
84,merit_order,2.315520114087143,100.0,0.0,63525.53911740976
85,merit_order,1.9899406952424774,100.0,0.0,57863.58331450926
86,merit_order,2.2813047798999744,100.0,0.0,60514.62601023875
87,merit_order,2.4628378569533935,100.0,0.0,70832.55104006776
88,merit_order,2.224926625942852,100.0,0.0,68377.1411189315
89,merit_order,1.8417004436493818,100.0,0.0,45949.00007959065
90,merit_order,2.7035434666365803,100.0,0.0,77167.35405917751
91,merit_order,3.227391665365078,100.0,0.0,81712.69372453251
92,merit_order,3.1968132509773146,100.0,0.0,85610.22603814752
93,merit_order,1.7946785331294128,100.0,0.0,41709.34737540125
94,merit_order,1.7266326640563003,99.71535395028651,893.8510680677946,42706.516990505814
95,merit_order,2.0633064337619134,100.0,0.0,57841.1690672355
96,merit_order,2.309441159250012,99.43695030229883,980.5064335795014,68594.9813585995
97,merit_order,1.8248516403339983,100.0,0.0,43942.0979468184
98,merit_order,2.506752895864446,100.0,0.0,70428.55250734827
99,merit_order,2.5020821181376944,99.13532070792968,1569.2227943539983,96228.29519587001
0,proportional,2.328727425354897,99.86054160280852,216.51315443499834,35189.788248299
1,proportional,1.8184391930496813,99.83938669581963,376.97885891175383,24875.095989265996
2,proportional,3.530316765220378,94.24086900902778,5207.0934981651935,106734.66004731352
3,proportional,1.6151271128746172,99.76521114522193,617.4065306195498,1879.084073853203
4,proportional,1.5598034514235344,99.76707538895543,680.9235638245495,628.4569507032511
5,proportional,2.477648941102979,99.09581587995217,1302.0318462843502,39997.387953044905
6,proportional,1.9166090303220134,99.75840718201229,495.5077819655007,23779.418174424503
7,proportional,1.8060997915104788,99.68389421947354,687.7642359674992,14327.316716074498
8,proportional,2.086259851437753,99.83903920599825,299.4805795410007,41423.12934977365
9,proportional,1.891302600612829,99.82539912416641,374.2496647947514,26810.211819358003
10,proportional,3.248143603298309,99.75388296459074,253.1971499260003,95731.3549633265
11,proportional,1.794976520431584,95.9656554039933,7538.0226081621,66210.7264703504
12,proportional,1.601122029162989,99.71938251748458,770.984716617103,2298.6526424347016
13,proportional,1.5668056410134115,99.70639668875106,838.1043945536517,589.5627274704989
14,proportional,1.7823708287849116,99.77348788494658,500.62501574400085,8973.951652387
15,proportional,1.6566936670726284,99.73094674169731,692.5941988140048,5422.4932376915
16,proportional,1.5634164829745356,99.78477182159796,627.4948078084967,727.2577376155509
17,proportional,1.9374899821074276,99.83892426758564,305.5780488592486,11826.02731866325
18,proportional,1.9059914541344367,99.90996982411903,179.17927172100008,13011.444965926752
19,proportional,3.0664716107718943,99.35329187045913,734.6066176881027,138631.4394317087
20,proportional,1.5629571843855838,99.76436061966727,695.1363949863985,2198.0657567910507
21,proportional,1.9002858406265297,99.82910488083908,365.504850130651,37513.9638562372
22,proportional,1.6884292898625222,99.76944040639644,558.5383207829996,6486.481330850252
23,proportional,1.593141529287575,99.72638093958449,745.5620842496992,730.7708114525017
24,proportional,1.6890791101259168,99.64124649278185,866.6917669545032,3434.6142980170007
25,proportional,2.0703455264943966,92.36249182983599,13954.856295044046,130587.37972861505
26,proportional,1.9538062189424446,99.79291255687599,401.98174068794515,20055.455986002104
27,proportional,2.4198543417575817,99.71588583270558,400.14205595525095,25657.17464727249
28,proportional,1.6981707617962307,99.78577085400741,535.844479168004,13615.46072227475
29,proportional,2.2581621787144672,99.77825690917771,362.6960507100016,38894.07325568025
30,proportional,4.706763630660424,99.8920605941875,79.64135312200051,136337.8611851975
31,proportional,4.603156486417762,99.67644513142565,211.45485721250202,89863.41082076752
32,proportional,2.0559979798079717,99.71066842514892,554.3073172238537,76551.93864717116
33,proportional,1.7628622266689467,99.78489166022985,499.7664118409996,12133.901211399494
34,proportional,1.9414568453532788,99.8755706466706,254.3434859339036,29365.649667886697
35,proportional,1.590933015809789,99.80537102858024,536.2762104757498,849.4494010055969
36,proportional,1.5696391168447223,99.76379228801956,671.4171968442511,651.082292053
37,proportional,1.6378135432665242,99.2412700537504,2091.734969376998,10142.347205282007
38,proportional,1.6666287860282483,98.49156093140596,4071.425493887004,12713.91989957775
39,proportional,1.8227098041916299,99.80232888929285,441.1975355795007,20955.67211751425
40,proportional,1.9628699232237532,99.78381844031819,409.2999484105012,16338.051518682501
41,proportional,2.7238197454238526,99.74831479715223,317.0220640669968,41894.90648677551
42,proportional,1.9981446846755895,99.03613889709938,1795.1130483080015,30102.495847978003
43,proportional,4.046596665791763,98.65649950448166,1082.9714473095005,129190.10003373798
44,proportional,2.3685233795805622,99.77696883434491,340.44710931300006,38377.5955500995
45,proportional,1.5660534638937664,99.72885488436425,778.444187168051,560.4208769189513
46,proportional,2.468426305348013,99.71404746713166,396.8984300694997,35395.53286566149
47,proportional,1.503026768529008,99.70972784083455,1007.2336575466525,747.6278273928001
48,proportional,1.66745270875614,92.85277618647694,16012.947885686199,48221.0659303059
49,proportional,3.201051464730198,99.84282560179676,168.24792882750103,52903.8560066575
50,proportional,2.9377164551187493,99.80593668132506,219.96480507499928,32295.507385832498
51,proportional,1.7250191039090612,99.81129396099206,482.494472566746,17883.62011416325
52,proportional,2.6142550869914913,99.89958168719096,135.16775519250086,49505.43276197
53,proportional,1.6020911554676236,99.7536199330386,655.5001993622541,839.5822694082549
54,proportional,1.5640529152927467,99.77035836233827,662.8546490104964,822.8314605910005
55,proportional,2.1448375085610962,96.17630548042317,6251.761352443102,94221.91337519533
56,proportional,1.524317299439755,99.7393240659453,840.0053135476533,442.7110079476033
57,proportional,1.5459792337088394,99.78598418964692,642.5972806714963,825.1931908057513
58,proportional,1.7536885340675508,99.7583831952695,543.352729644499,7984.282625086501
59,proportional,2.2610532761863524,92.63335116091451,8967.74898292555,76040.2678104675
60,proportional,1.9179994104293967,98.65382623523541,2852.59372992605,58674.8360967584
61,proportional,1.8460417189128449,99.74755517525537,572.9931522242978,25816.13587170635
62,proportional,1.5527265208673255,99.82337495105254,527.8406348395433,745.5115535872496
63,proportional,3.930082031042085,99.87813131139902,106.6850031210015,50624.746039307494
64,proportional,1.6041263733670073,99.73556557964054,706.5681291967499,1533.3269129239989
65,proportional,3.867349721133992,99.89010761828536,94.37019498650193,55504.69247551449
66,proportional,1.7039296000278674,97.70030082469827,5621.287247013748,19353.9586756415
67,proportional,2.342900930887715,99.79133804301816,314.8919631859999,31294.818472777
68,proportional,1.677640166715224,99.79485339701436,519.9862509195023,7636.3585897244975
69,proportional,2.2376901763530492,99.86908280070011,207.37465955500033,24162.852627152497
70,proportional,2.2078940284154576,99.62784238286405,613.3155958199986,33900.1306691125
71,proportional,2.549474408555037,99.7488747060571,350.35039743599737,36847.166312889996
72,proportional,2.321233722507952,99.77372191424762,349.5168987424995,34033.946008135
73,proportional,1.6226790478159439,99.75764228094263,661.0239775348009,6227.389978867102
74,proportional,3.216813534571824,99.74130825632453,281.44075408050094,117241.3160441665
75,proportional,1.7217642426244297,99.35608326964382,1584.891064432003,16583.602946484745
76,proportional,1.7221240547618082,99.70746531974977,692.2825756942511,7567.6062866629945
77,proportional,3.2535745035822363,99.75420979362603,280.02295496249826,79437.41798019051
78,proportional,3.769451781773517,99.84878323043252,137.9453330844999,54958.085560367006
79,proportional,1.7614494290432305,99.72422979847526,609.7192056074978,6590.8906192575005
80,proportional,1.588910038426309,99.7408085424922,713.4516382864981,764.6321787340985
81,proportional,2.9283221579905114,99.87186628433194,158.35890043350037,54402.792411361996
82,proportional,1.748118293630017,99.8017329529303,508.80656838569666,42193.112398841404
83,proportional,2.4043475900206204,99.78527240775351,320.9398150425013,36361.8938239965
84,proportional,1.8384758401663206,99.70097752326981,606.0990966080017,6796.044214017748
85,proportional,1.6525847745905389,99.78044147000165,571.4747289302472,5613.910043439502
86,proportional,1.8619144855606031,99.76175940099134,480.5217680817507,10615.986778320495
87,proportional,2.0318106466805896,99.8709960418717,245.115796641001,25469.689336708747
88,proportional,1.7825230318627223,99.8100214592506,419.8965339647516,11594.792652896253
89,proportional,1.5650584182315759,99.76263897393552,681.8787212850975,542.237800875751
90,proportional,2.1353369563986186,99.8670879884872,223.9095575500014,23196.8761167275
91,proportional,2.529742183975226,99.779957000916,294.86781087500003,32218.672942340003
92,proportional,2.527793771927071,99.73535887646948,368.1006414000001,36595.97469467999
93,proportional,1.5514502430507224,99.780648757964,656.6942876712519,616.0354427597485
94,proportional,1.5996971836917795,99.62769617064045,1169.115734624599,18808.9306570626
95,proportional,1.7540848361803856,99.7783494169711,528.5400969715001,13735.476739656999
96,proportional,2.0627383462159705,99.41761289211655,1014.1810011529999,44207.34292617299
97,proportional,1.561494030590327,99.79012819995002,614.1683292214493,625.7166407353516
98,proportional,1.925555536951418,99.79969136042347,371.6154475334988,6444.647954881744
99,proportional,2.1838774344876635,98.94968600845678,1906.113251321498,64419.6496528375
0,qp_milp,2.4871155714091104,100.0,0.0,49958.12959386401
1,qp_milp,1.9050050531817166,100.0,0.0,36644.16813035424
2,qp_milp,3.768221904331495,94.37490409541668,5085.906251694194,121533.78730084251
3,qp_milp,1.6852803737862319,100.0,0.0,6613.1065432336545
4,qp_milp,1.619651611784645,100.0,0.0,5202.349386878706
5,qp_milp,2.6241241132877713,99.17997270326863,1180.8453958583505,51558.98800261891
6,qp_milp,2.027135254776892,100.0,0.0,35490.209392459
7,qp_milp,1.9091815353756971,100.0,0.0,25244.702480107
8,qp_milp,2.2150665741653,100.0,0.0,53698.93027023265
9,qp_milp,1.9944514294234377,100.0,0.0,40040.28165456325
10,qp_milp,3.4838285487919025,100.0,0.0,110338.89731340049
11,qp_milp,1.916098483118351,96.13759282666298,7216.763938152602,77957.48630034091
12,qp_milp,1.6701045365509761,100.0,0.0,8333.4774258176
13,qp_milp,1.6346074218546416,100.0,0.0,5100.834332916848
14,qp_milp,1.877337867715358,100.0,0.0,18945.096136643002
15,qp_milp,1.7159860513318195,100.0,0.0,11643.285038877491
16,qp_milp,1.6236184779444527,100.0,0.0,5242.562429807058
17,qp_milp,2.052611759665664,100.0,0.0,21936.971269804002
18,qp_milp,2.0177854421990866,100.0,0.0,25483.125694205748
19,qp_milp,3.2567965019965857,99.52234689839408,542.5741743003518,154922.75798832095
20,qp_milp,1.6294029576161797,100.0,0.0,8153.891361804654
21,qp_milp,1.9962278357276138,100.0,0.0,49705.44900610656
22,qp_milp,1.7804221883159068,100.0,0.0,14865.87651006725
23,qp_milp,1.654763957892501,100.0,0.0,3793.6207272028037
24,qp_milp,1.7669018799871103,99.92150540843193,189.63052595645058,10099.118557018952
25,qp_milp,2.1702047402115867,92.46281691840805,13771.547529590953,144020.92646316194
26,qp_milp,2.0649932313453805,100.0,0.0,30589.050745314154
27,qp_milp,2.5863349159396054,100.0,0.0,37646.05309131725
28,qp_milp,1.772842851849101,100.0,0.0,22664.68374310675
29,qp_milp,2.4061651315017563,100.0,0.0,51593.95670497025
30,qp_milp,5.133712286668572,100.0,0.0,156905.3443320755
31,qp_milp,5.030629599664043,100.0,0.0,102661.690463555
32,qp_milp,2.17300882648238,99.91820052880635,156.7130910306496,88047.92342097795
33,qp_milp,1.8580751445037116,100.0,0.0,20845.510299558493
34,qp_milp,2.0441240876218503,100.0,0.0,39383.3381819528
35,qp_milp,1.6626705124648031,100.0,0.0,5342.2176905298475
36,qp_milp,1.631152423572607,100.0,0.0,6068.746595208751
37,qp_milp,1.7122721672772545,99.44955288563693,1517.5221218000006,20236.165857705004
38,qp_milp,1.737331046822207,98.70780078441001,3487.77285014075,18132.8217558315
39,qp_milp,1.9371599112172617,100.0,0.0,32748.07858193475
40,qp_milp,2.0868006775192596,100.0,0.0,29250.146570271994
41,qp_milp,2.9270518328284627,100.0,0.0,56886.408922708506
42,qp_milp,2.104600114998143,99.3295229404273,1248.7090874485002,39187.7668871185
43,qp_milp,4.360094801167667,98.83653183023787,937.8506460614999,146177.39973249
44,qp_milp,2.5147902283315746,99.92612305191878,112.76986041499913,49461.11580120151
45,qp_milp,1.6329506769863806,100.0,0.0,6096.118189750901
46,qp_milp,2.633584646124401,100.0,0.0,47122.156435592
47,qp_milp,1.5544465420484954,100.0,0.0,4763.807169846147
48,qp_milp,1.7457394053976016,92.99726526254508,15689.2283400981,57565.1283847178
49,qp_milp,3.44505315614852,100.0,0.0,68092.72357783001
50,qp_milp,3.1642382543826937,100.0,0.0,46306.611580757504
51,qp_milp,1.8041512888824907,100.0,0.0,27032.8531415965
52,qp_milp,2.8127461771746005,100.0,0.0,66794.93100677751
53,qp_milp,1.6675972582257605,100.0,0.0,5303.441570046003
54,qp_milp,1.6246815642299206,100.0,0.0,3883.1363115805084
55,qp_milp,2.237911372397585,96.30428636806158,6042.5119045354,103277.87092728764
56,qp_milp,1.5865884546265414,100.0,0.0,5784.3481943999595
57,qp_milp,1.599610550923066,100.0,0.0,5025.652910134257
58,qp_milp,1.8446017068223246,100.0,0.0,15857.284895441999
59,qp_milp,2.4263950073173035,92.77790108005553,8791.78194300355,88157.6752705455
60,qp_milp,2.017683381826926,98.80623637591617,2529.630808598349,71516.2716754307
61,qp_milp,1.9464400849391659,100.0,0.0,37306.58721948205
62,qp_milp,1.617628222456732,100.0,0.0,5365.772418747707
63,qp_milp,4.268303469019993,100.0,0.0,68208.1325361865
64,qp_milp,1.6687079662757132,100.0,0.0,6647.613283727249
65,qp_milp,4.167971988875565,100.0,0.0,70489.889280528
66,qp_milp,1.773227417137194,97.84020243568644,5279.31767545825,27434.325104086005
67,qp_milp,2.5058461999747808,100.0,0.0,45447.269509591
68,qp_milp,1.7498740977716882,100.0,0.0,15759.133338805
69,qp_milp,2.3884206813413558,100.0,0.0,37706.5309675975
70,qp_milp,2.3498290461324007,100.0,0.0,46483.2050732925
71,qp_milp,2.728138484447334,100.0,0.0,50618.631915453996
72,qp_milp,2.462534894400967,100.0,0.0,45835.3121093925
73,qp_milp,1.6990694875657912,99.99748734484787,6.853197452500353,12504.235198784807
74,qp_milp,3.4580028543647616,100.0,0.0,133279.42779008602
75,qp_milp,1.802111908235495,99.5991019752288,986.742023082501,26348.810405135246
76,qp_milp,1.8187047818029134,100.0,0.0,14956.138210968747
77,qp_milp,3.5130974692851176,100.0,0.0,99415.10452522802
78,qp_milp,4.088243205501322,100.0,0.0,71080.01172728252
79,qp_milp,1.847815776218907,100.0,0.0,13875.427413650004
80,qp_milp,1.6475333226431486,100.0,0.0,5480.919040447597
81,qp_milp,3.1486674122277254,100.0,0.0,72114.4250109285
82,qp_milp,1.8269544391339505,100.0,0.0,52010.470830455706
83,qp_milp,2.5525408777137586,100.0,0.0,48470.073508953996
84,qp_milp,1.934541346774369,100.0,0.0,13852.21911740975
85,qp_milp,1.7239551431166031,100.0,0.0,13519.567314509255
86,qp_milp,1.9717764451975786,100.0,0.0,20120.552510238747
87,qp_milp,2.1557369607682753,100.0,0.0,37091.88354006775
88,qp_milp,1.8789568337667655,100.0,0.0,21907.6761189315
89,qp_milp,1.6198693915239848,100.0,0.0,5803.107079590654
90,qp_milp,2.2745857977081827,100.0,0.0,34628.9960591775
91,qp_milp,2.6966163351702517,100.0,0.0,44550.909631464994
92,qp_milp,2.689938996714667,100.0,0.0,49876.60305328
93,qp_milp,1.6159344042463224,100.0,0.0,4873.414655088502
94,qp_milp,1.6555615326565805,99.79686239786955,637.8966537979477,24798.818076235948
95,qp_milp,1.8505836680859775,100.0,0.0,22392.3106426855
96,qp_milp,2.15244706376041,99.53640546856364,807.3131421640019,51658.323067184
97,qp_milp,1.6138867704065614,100.0,0.0,5153.867811513906
98,qp_milp,2.041950661374933,100.0,0.0,15679.725007348243
99,qp_milp,2.312379637676886,99.20119787735696,1449.6686928034496,80093.85709431945
