config,seed,responsiveness,amplitude,OR_median_proportional,fulfilment_pct_proportional,spill_mwh_proportional,unserved_mwh_proportional
v2_sp1000,42,7.919167785278681e-05,1.1618498364599825,1.876608543086716,99.33743300198215,31063.58333384685,1216.458781100581
v2_sp1000,43,0.46890351842010736,2.5459116737189933,1.8716667284229347,99.59842374965129,31157.663631893724,764.7988991474589
v2_sp1000,44,0.27468931094215765,0.9668573399249475,1.9627171971409805,99.81674529702138,46550.07512519247,402.0293424462028
v3_sp1000,42,0.2950801030068932,1.6505992201914979,1.6337028184396871,98.74045575049645,24508.54385416329,2561.802681417017
v3_sp1000,43,0.5914050006641055,2.824441945683558,1.752749150648571,99.15961536811952,20577.235429636185,1604.4976568899149
v3_sp1000,44,0.6054394316151138,8.883310701280571,1.5745098566878104,91.70543970740995,14302.066340966832,18484.26547322056
v2_sp3000,42,0.27533626902036556,1.2277497974182288,1.8779948305948109,99.77395463753282,41752.09203553069,484.36989778441244
v2_sp3000,43,0.3290140362779925,2.4994073237367895,1.8910814656810777,99.36534859724803,35782.6534120071,1087.007789260823
v2_sp3000,44,0.3134120473566673,1.3072422430011656,1.8521034691647764,99.77801281720969,39109.615890557834,473.08084781156066
v3_sp3000,42,0.8294756704427347,3.4514822304334842,1.644307820959106,99.46670807523965,13769.795890660815,1000.1667579145391
v3_sp3000,43,0.8386693755800627,4.344978904162478,1.8207364246588076,99.73219120794684,24636.586054001564,542.7408962552884
v3_sp3000,44,0.7926137448443795,2.828070198327913,1.8403958747880704,99.63544408563295,22131.98452173492,820.8507239886477
