k,ed_method,or_p25,or_p50,or_p75,fulfilment_pct,avg_spill_mwh,avg_unserved_mwh,capacity_mw
10,merit_order,0.2582309722793494,0.32442205830206455,0.46644497269929386,13.306992578415572,6954.333173755936,179914.26571600963,380.21000000000004
10,proportional,0.25847158095215406,0.32442205830206455,0.4676842826423902,13.305185386481183,6971.451220208641,179916.5225224624,380.21000000000004
10,qp_milp,0.2613011308501141,0.32442205830206455,0.4733939824113957,13.30775952062087,7132.594386242261,179913.36810349597,380.21000000000004
15,merit_order,0.46193917529533185,0.5819329375558933,0.8179063747102732,22.036753115497536,7478.186524822376,163351.69094707613,641.82
15,proportional,0.4617956905780164,0.5819329375558933,0.819288718620612,22.033286058891058,7383.063725097455,163356.38730235118,641.82
15,qp_milp,0.46590807221377334,0.5819329375558933,0.8325831369609515,22.036233562246707,7623.921315000306,163352.45130725403,641.82
20,merit_order,0.6294569597965158,0.7871062621260088,1.0927439473626666,30.90277806000428,7784.8151921425415,146307.16331439625,919.54
20,proportional,0.6292110758944327,0.7852556387664096,1.091520499121234,30.896016271313496,7625.300693463891,146316.20416071764,919.54
20,qp_milp,0.6324950266087243,0.7912943422035343,1.10636165388538,30.902120522739004,8035.027794411086,146307.96685166482,919.54
25,merit_order,0.8286315139669619,1.0288141132190534,1.4270238502457628,45.75321302646778,9265.837350582595,117189.51397283634,1422.54
25,proportional,0.8269797413489991,1.00871102324128,1.3911224893954093,45.73116525163619,8484.302506374195,117221.02970362792,1422.54
25,qp_milp,0.8339932397561269,1.0172712869185627,1.4002894679900026,45.75507544807692,9359.60257808834,117186.77960534206,1422.54
30,merit_order,1.3040460522464759,1.5745413544303117,2.146886896774647,75.06835448952,20101.330606198866,56471.70672845261,2675.54
30,proportional,1.267165654412742,1.4980836529821078,1.9592796270171409,74.99311624415787,13537.868780117364,56589.85316737109,2675.54
30,qp_milp,1.2829604630772113,1.5267856498768058,2.0152568676027904,75.06779407826211,15910.200742104978,56472.6124343587,2675.54
35,merit_order,1.6870004489637702,2.0154988669757694,2.675413215962135,94.26723060420856,41752.27023654038,13528.734358794109,4093.54
35,proportional,1.5683952281494258,1.7616527814345162,2.2294264342194188,94.09794378567307,21675.505744569582,13844.836601823308,4093.54
35,qp_milp,1.60606653738865,1.840726049733067,2.38684881210991,94.27246722959472,26946.072994125327,13517.995386379056,4093.54
40,merit_order,1.8962659333466287,2.246245561167049,3.041695818628286,98.98461214125244,67629.82645324919,2321.9990755029257,5060.54
40,proportional,1.6370436545929803,1.871309156738979,2.347680960601558,98.76892989904569,30942.354560144842,2764.555427398572,5060.54
40,qp_milp,1.7218036435442257,1.9727378428735545,2.515253357806608,98.99271090325524,39168.57893076187,2301.6281880155893,5060.54
41,merit_order,1.9549195759383498,2.2994777995983777,3.1180104925680436,99.39904171732067,73882.21390160492,1359.711523858653,5298.54
41,proportional,1.6741931591041117,1.9126611792616695,2.380013291048409,99.17956406522866,33026.25708668386,1819.685483937588,5298.54
41,qp_milp,1.7660265446433259,2.0326122776666655,2.567144815229487,99.40094015261899,42693.08054877994,1355.0213010336593,5298.54
42,merit_order,2.0388957018004623,2.397149797229506,3.265996081793977,99.78122441465842,88519.36702705132,487.3006493050395,5706.54
42,proportional,1.6824239483791699,1.9380499482991247,2.444812113479712,99.55198584801118,38444.78489464023,969.6677818939601,5706.54
42,qp_milp,1.773785446379136,2.064553560906706,2.62123287122011,99.7845667223363,48637.43719102543,479.65272327915505,5706.54
43,merit_order,2.0684684376650626,2.4331679158026214,3.320743778331867,99.88589434361855,90988.17017506676,253.43679732046454,5946.54
43,proportional,1.7045142265646245,1.9696335495001736,2.491227553113452,99.67169407065293,39337.3856001444,711.9542773981267,5946.54
43,qp_milp,1.8043195715132174,2.1022504049211204,2.675674003246328,99.89448469339335,50387.45646843337,236.27195068708753,5946.54
44,merit_order,2.098172458606274,2.469948211527604,3.377088422706032,99.94329431482254,93472.35781060942,126.21293286314003,6186.54
44,proportional,1.7284269907712722,2.001404199272528,2.5401461370092413,99.724742359243,40296.46494990888,588.2165371626073,6186.54
44,qp_milp,1.8288421418159493,2.136182660093009,2.730566632097383,99.95020261965709,51904.91578783251,110.38617508624804,6186.54
45,merit_order,2.171951046122169,2.5615503271489892,3.5170148156372596,99.9911787842181,107369.01184819984,19.537470453554544,6575.54
45,proportional,1.727167311332188,2.0285701766182536,2.6194016370228748,99.77776552103853,45620.79727465223,481.415931905961,6575.54
45,qp_milp,1.8208856611250845,2.1544047070396335,2.8026129594818245,99.9917870846579,58167.93219182536,18.275599079086515,6575.54
